feature_idx,importance,feature_name
3,1.13725281869916,Feature_3
12,1.00953904808428,Feature_12
2,0.932089643218278,Feature_2
4,0.692103495341482,Feature_4
15,0.408710398152029,Feature_15
16,0.380588059103816,Feature_16
11,0.362637518528053,Feature_11
7,0.335381614019911,Feature_7
35,0.255700267831188,Feature_35
25,0.254653284312264,Feature_25
8,0.250010686768511,Feature_8
26,0.246578435835864,Feature_26
21,0.23638540993776,Feature_21
13,0.231392318695995,Feature_13
17,0.224566181017044,Feature_17
9,0.215102522191732,Feature_9
34,0.211921266320253,Feature_34
48,0.209608730509376,Feature_48
1,0.205905557595794,Feature_1
24,0.199135049775378,Feature_24
30,0.18980061549256,Feature_30
6,0.185637758157946,Feature_6
27,0.172430188673618,Feature_27
38,0.165806359526869,Feature_38
43,0.153305598833338,Feature_43
10,0.152056258989894,Feature_10
33,0.149704470487096,Feature_33
18,0.145471226586597,Feature_18
47,0.12917465599267,Feature_47
36,0.123037709565017,Feature_36
49,0.122868470470146,Feature_49
19,0.12157225268004,Feature_19
45,0.113616422610555,Feature_45
46,0.0961707677736973,Feature_46
22,0.0692738477585942,Feature_22
32,0.0600169295094325,Feature_32
41,0.0554422638496855,Feature_41
5,0.0526379739700233,Feature_5
28,0.0504077849821722,Feature_28
31,0.0476719958220288,Feature_31
42,0.0390139761454233,Feature_42
44,0.03247243286552,Feature_44
23,0.03198353085772,Feature_23
29,0.0237601502170982,Feature_29
40,0.017801688270374,Feature_40
20,0.0162557801185116,Feature_20
14,0.00973469261817037,Feature_14
39,0.00932761057166861,Feature_39
37,0.00248922308122665,Feature_37
50,0.00152093743714319,Feature_50
